Model Type,Test Accuracy
VDP,0.44246533513069153
DET,0.8106799721717834
